{
  "init": {
    "Mstar": 8,
    "Pc0": 4.019868746973431e+16,
    "Tc0": 28825009.11130357,
    "tstep": 1e3,
    "pstep": 1e12,
    "itnum": 1000001
  },
  "fixed": {
    "X": 0.7,
    "Y": 0.27,
    "Z": 0.03
  }
}
